city_id,x,y
0,84.42276645683611,1.4902642115672937
1,96.35039424152954,63.669721397657966
2,72.46634055258568,85.13830002095135
3,93.33911257301786,48.82575022918203
4,18.11139612995816,62.78611159121975
5,7.065671060802381,33.21840967059032
6,47.151507809139574,17.49417015939966
7,2.057954114452798,34.45979384292155
8,6.334110193296971,29.213399203508583
9,59.05720327155636,92.85468764709107
